{"cameraMode":{"drawMode":0,"name":"Shaded","section":"Shading Mode"},"sceneLighting":true,"audioPlay":false,"sceneViewState":{"m_AlwaysRefresh":false,"showFog":true,"showSkybox":true,"showFlares":true,"showImageEffects":true,"showParticleSystems":true,"showVisualEffectGraphs":true,"m_FxEnabled":true},"in2DMode":false,"pivot":{"x":7.813337326049805,"y":6.342408180236816,"z":13.183032989501954},"rotation":{"x":-0.18606382608413697,"y":-0.33371806144714358,"z":0.06737098842859268,"w":-0.9216815829277039},"size":12.695320129394532,"orthographic":true}