{"cameraMode":{"drawMode":0,"name":"Shaded","section":"Shading Mode"},"sceneLighting":true,"audioPlay":false,"sceneViewState":{"m_AlwaysRefresh":false,"showFog":true,"showSkybox":true,"showFlares":true,"showImageEffects":true,"showParticleSystems":true,"showVisualEffectGraphs":true,"m_FxEnabled":true},"in2DMode":false,"pivot":{"x":-32.249637603759769,"y":-144.19558715820313,"z":689.223876953125},"rotation":{"x":-0.10745429247617722,"y":0.029520850628614427,"z":-0.003192031756043434,"w":-0.9937673807144165},"size":364.7461242675781,"orthographic":false}