{"cameraMode":{"drawMode":0,"name":"Shaded","section":"Shading Mode"},"sceneLighting":true,"audioPlay":false,"sceneViewState":{"m_AlwaysRefresh":false,"showFog":true,"showSkybox":true,"showFlares":true,"showImageEffects":true,"showParticleSystems":true,"showVisualEffectGraphs":true,"m_FxEnabled":true},"in2DMode":false,"pivot":{"x":2.861981153488159,"y":0.2663435935974121,"z":16.760866165161134},"rotation":{"x":0.038388509303331378,"y":-0.0014995476230978966,"z":0.00005737087849411182,"w":0.9992621541023254},"size":9.87918758392334,"orthographic":false}