{"cameraMode":{"drawMode":0,"name":"Shaded","section":"Shading Mode"},"sceneLighting":false,"audioPlay":false,"sceneViewState":{"m_AlwaysRefresh":false,"showFog":false,"showSkybox":false,"showFlares":false,"showImageEffects":false,"showParticleSystems":false,"showVisualEffectGraphs":true,"m_FxEnabled":true},"in2DMode":false,"pivot":{"x":-0.000026226043701171875,"y":0.8588188290596008,"z":-0.03688986599445343},"rotation":{"x":-0.008749720640480519,"y":-0.7841753363609314,"z":-0.011058388277888298,"w":0.6203680038452148},"size":1.4196655750274659,"orthographic":false}