{"cameraMode":{"drawMode":0,"name":"Shaded","section":"Shading Mode"},"sceneLighting":false,"audioPlay":false,"sceneViewState":{"m_AlwaysRefresh":false,"showFog":true,"showSkybox":false,"showFlares":true,"showImageEffects":true,"showParticleSystems":true,"showVisualEffectGraphs":true,"m_FxEnabled":true},"in2DMode":false,"pivot":{"x":3.9143714904785158,"y":-3.9357779026031496,"z":3.3905086517333986},"rotation":{"x":0.03630795702338219,"y":-0.6637770533561707,"z":0.032291896641254428,"w":0.7463537454605103},"size":16.380590438842775,"orthographic":false}